產品,券商
x_00902,玉山
x_00894,玉山
x_00700,玉山
x_00893,玉山
x_00892,玉山
x_00891,玉山
x_00639,玉山
x_00900,玉山
x_00896,玉山
x_00882,玉山
x_00888,玉山
x_00895,玉山
x_00717,玉山
x_00881,玉山
x_00885,玉山
x_00643,玉山
x_00887,玉山
x_00703,玉山
x_00734B,玉山
x_00711B,玉山
x_00771,玉山
x_00767,玉山
x_00752,玉山
x_00710B,玉山
x_006201,玉山
x_00730,玉山
x_00878,玉山
x_00886,玉山
x_0061,玉山
x_00736,玉山
x_00642U,玉山
x_00783,玉山
x_00667,玉山
x_00718B,玉山
x_00714,玉山
x_00682U,玉山
x_00776,玉山
x_00709,玉山
x_00678,玉山
x_00636,玉山
x_00738U,玉山
x_00742,玉山
x_00702,玉山
x_00739,玉山
x_00743,玉山
x_00728,玉山
x_0055,玉山
x_00635U,玉山
x_00645,玉山
x_006207,玉山
x_00701,玉山
x_00830,玉山
x_00737,玉山
x_00851,玉山
x_00693U,玉山
x_00876,玉山
x_00660,玉山
x_00875,玉山
x_00858,玉山
x_00652,玉山
x_00763U,玉山
x_00735,玉山
x_0054,玉山
x_00861,玉山
x_00847B,玉山
x_00690,玉山
x_00853B,玉山
x_00770,玉山
x_00857B,玉山
x_00884B,玉山
x_006206,玉山
x_00719B,玉山
x_00657,玉山
x_00845B,玉山
x_0056,玉山
x_00749B,玉山
x_006205,玉山
x_00836B,玉山
x_00692,玉山
x_00850,玉山
x_00883B,玉山
x_00862B,玉山
x_00661,玉山
x_00841B,玉山
x_00840B,玉山
x_00848B,玉山
x_00846B,玉山
x_00844B,玉山
x_00842B,玉山
x_00867B,玉山
x_00756B,玉山
x_00788B,玉山
x_00726B,玉山
x_00863B,玉山
x_00723B,玉山
x_00762,玉山
x_00834B,玉山
x_00724B,玉山
x_00793B,玉山
x_00781B,玉山
x_00733,玉山
x_00782B,玉山
x_00786B,玉山
x_00775B,玉山
x_00668,玉山
x_00695B,玉山
x_00849B,玉山
x_00792B,玉山
x_00679B,玉山
x_00799B,玉山
x_00750B,玉山
x_00795B,玉山
x_00785B,玉山
x_00720B,玉山
x_00787B,玉山
x_00755B,玉山
x_00777B,玉山
x_00868B,玉山
x_00784B,玉山
x_00696B,玉山
x_00741B,玉山
x_00687B,玉山
x_00764B,玉山
x_00778B,玉山
x_00725B,玉山
x_00751B,玉山
x_00772B,玉山
x_00779B,玉山
x_00780B,玉山
x_00869B,玉山
x_00646,玉山
x_00697B,玉山
x_00773B,玉山
x_00860B,玉山
x_00746B,玉山
x_00727B,玉山
x_00831B,玉山
x_00757,玉山
x_00856B,玉山
x_00761B,玉山
x_00859B,玉山
x_00694B,玉山
x_00754B,玉山
x_00865B,玉山
x_00722B,玉山
x_00864B,玉山
x_00740B,玉山
x_00843B,玉山
x_00838B,玉山
x_00765B,玉山
x_00732,玉山
x_00794B,玉山
x_00796B,玉山
x_00774B,玉山
x_00745B,玉山
x_00839B,玉山
x_00713,玉山
x_00832B,玉山
x_00748B,玉山
x_00744B,玉山
x_00833B,玉山
x_00721B,玉山
x_00662,玉山
x_00791B,玉山
x_00758B,玉山
x_00747B,玉山
x_00760B,玉山
x_00789B,玉山
x_00790B,玉山
x_0051,玉山
x_00759B,玉山
x_00731,玉山
x_0053,玉山
x_00768B,玉山
x_006203,玉山
x_006208,玉山
x_006204,玉山
x_0057,玉山
x_0052,玉山
x_0050,玉山
